UNIVERSITIES,SCHOOL TYPE,ENTRANCE EXAM,DEGREE PROGRAMS,LOCATION,WEBSITE LINK,LOGO LINK
University of the Philippines Diliman,Public,Required,"BA ANTHROPOLOGY, BA ARALING PILIPINO, BA ART STUDIES, BA COMMUNICATION RESEARCH, BA COMPARATIVE LITERATURE, BA CREATIVE WRITING, BA ECONOMICS, BA ENGLISH STUDIES, BA EUROPEAN LANGUAGES, BA FILM, BA GEOGRAPHY, BA HISTORY, BA JOURNALISM, BA LINGUISTICS, BA MALAYAN STUDIES, BA PHILOSOPHY, BA PHILIPPINE ARTS, BA POLITICAL SCIENCE, BA PSYCHOLOGY, BA PUBLIC ADMINISTRATION, BA SOCIOLOGY, BA SPEECH COMMUNICATION, BACHELOR OF ARCHITECTURE, BACHELOR OF SCIENCE IN BIOLOGY, BS BUSINESS ADMINISTRATION, BS BUSINESS ADMINISTRATION AND ACCOUNTANCY, BS CHEMICAL ENGINEERING, BS CHEMISTRY, BS CIVIL ENGINEERING, BS CLOTHING TECHNOLOGY, BS COMMUNITY DEVELOPMENT, BS COMPUTER SCIENCE, BS ECONOMICS, BS ELECTRICAL ENGINEERING, BS ELECTRONICS AND COMMUNICATIONS ENGINEERING, BS FOOD TECHNOLOGY, BS GEODETIC ENGINEERING, BS GEOGRAPHY, BS GEOLOGY, BS HOME ECONOMICS, BS INDUSTRIAL ENGINEERING, BS INDUSTRIAL PHARMACY, BS INTERIOR DESIGN, BS LIBRARY AND INFORMATION SCIENCE, BS MATERIALS ENGINEERING, BS MATHEMATICS, BS MECHANICAL ENGINEERING, BS METALLURGICAL ENGINEERING, BS MINING ENGINEERING, BS MOLECULAR BIOLOGY AND BIOTECHNOLOGY, BS NURSING, BS PHARMACY, BS PHILIPPINE ARTS, BS PHYSICS, BS PSYCHOLOGY, BS PUBLIC HEALTH, BS SOCIAL WORK, BS SPORTS SCIENCE, BS STATISTICS, BACHELOR OF FINE ARTS",Quezon City,https://upd.edu.ph/,https://drive.google.com/file/d/1oq07eTAPbdNbOx_DQ-Vv9lh9zLQYptLH/view?usp=sharing
Polytechnic University of the Philippines Manila,Public,Required,"BA FILIPINO, BA ENGLISH, BA BROADCAST COMMUNICATION, BA JOURNALISM, BA FILM AND AUDIO VISUAL COMMUNICATION, BA HISTORY, BA PHILOSOPHY, BA POLITICAL SCIENCE, BA PUBLIC ADMINISTRATION, BA SOCIOLOGY, BACHELOR IN ADVERTISING AND PUBLIC RELATIONS, BACHELOR IN OFFICE ADMINISTRATION, BACHELOR OF BUSINESS TEACHER EDUCATION, BACHELOR OF MULTIMEDIA ARTS, BS ACCOUNTANCY, BS BANKING AND FINANCE, BS BUSINESS ADMINISTRATION, BS COOPERATIVE, BS ENTREPRENEURSHIP, BS HOSPITALITY MANAGEMENT, BS HOTEL AND RESTAURANT MANAGEMENT, BS MANAGEMENT, BS OFFICE ADMINISTRATION, BS TOURISM MANAGEMENT, BS ARCHITECTURE, BS CIVIL ENGINEERING, BS COMPUTER ENGINEERING, BS ELECTRICAL ENGINEERING, BS ELECTRONICS ENGINEERING, BS INDUSTRIAL ENGINEERING, BS MECHANICAL ENGINEERING, BS COMPUTER SCIENCE, BS INFORMATION TECHNOLOGY, BS MATHEMATICS, BS IN BIOLOGY, BS CHEMISTRY, BS ENVIRONMENTAL SCIENCE, BS PSYCHOLOGY, BS STATISTICS, BS NUTRITION AND DIETETICS, BACHELOR IN PHYSICAL EDUCATION, BS SPORTS SCIENCE",City of Manila,https://www.pup.edu.ph/,https://drive.google.com/file/d/1rozf1nLZyvtCLSiFW8kao3z98wepKF0X/view?usp=sharing
Pamantasan ng Lungsod ng Maynila,Public,Required,"BA FILIPINO, BA ENGLISH, BA BROADCAST COMMUNICATION, BA JOURNALISM, BA POLITICAL SCIENCE, BA PUBLIC ADMINISTRATION, BA SOCIOLOGY, BS ACCOUNTANCY, BS BUSINESS ADMINISTRATION, BS COMPUTER SCIENCE, BS CIVIL ENGINEERING, BS ELECTRICAL ENGINEERING, BS ELECTRONICS ENGINEERING, BS INDUSTRIAL ENGINEERING, BS MECHANICAL ENGINEERING, BS ARCHITECTURE, BS CRIMINOLOGY, BS NURSING, BS PHYSICAL THERAPY, BS PSYCHOLOGY, BS SOCIAL WORK, BS MATHEMATICS, BS STATISTICS, BS BIOLOGY, BS CHEMISTRY, BS ENVIRONMENTAL SCIENCE",City of Manila,https://www.plm.edu.ph/,https://drive.google.com/file/d/1yJzkID9wJmRortfxRgaHBUYg0mdicLK3/view?usp=sharing
Eulogio Amang Rodriguez Institute of Science and Technology,Public,Required,"BA FILIPINO, BA ENGLISH, BA COMMUNICATION, BA POLITICAL SCIENCE, BA PUBLIC ADMINISTRATION, BA SOCIOLOGY, BS ACCOUNTANCY, BS ACCOUNTING TECHNOLOGY, BS APPLIED MATHEMATICS, BS ARCHITECTURE, BS BIOLOGY, BS BUSINESS ADMINISTRATION, BS CHEMICAL ENGINEERING, BS CIVIL ENGINEERING, BS COMPUTER ENGINEERING, BS COMPUTER SCIENCE, BS CRIMINOLOGY, BS ELECTRICAL ENGINEERING, BS ELECTRONICS ENGINEERING, BS HOTEL AND RESTAURANT MANAGEMENT, BS INDUSTRIAL ENGINEERING, BS INFORMATION TECHNOLOGY, BS MANAGEMENT, BS MARINE ENGINEERING, BS MARKETING MANAGEMENT, BS MECHANICAL ENGINEERING, BS NURSING, BS OFFICE ADMINISTRATION, BS PHARMACY, BS PHYSICAL EDUCATION, BS PHYSICAL THERAPY, BS PSYCHOLOGY, BS PUBLIC ADMINISTRATION, BS SECONDARY EDUCATION, BS SOCIAL WORK, BS TOURISM MANAGEMENT",City of Manila,https://earist.edu.ph/,https://drive.google.com/file/d/1gvFniJSeM6By875KF9vBA9HLo5jXt4Vb/view?usp=sharing
University of Makati,Public,Required,"BA FILIPINO, BA ENGLISH, BA POLITICAL SCIENCE, BA PUBLIC ADMINISTRATION, BA SOCIOLOGY, BS ACCOUNTANCY, BS BUSINESS ADMINISTRATION, BS COMPUTER SCIENCE, BS CIVIL ENGINEERING, BS ELECTRICAL ENGINEERING, BS ELECTRONICS ENGINEERING, BS INDUSTRIAL ENGINEERING, BS MECHANICAL ENGINEERING, BS INFORMATION TECHNOLOGY, BS HOTEL AND RESTAURANT MANAGEMENT, BS TOURISM MANAGEMENT, BS PSYCHOLOGY, BS ENTREPRENEURSHIP",City of Makati,https://www.umak.edu.ph/,https://drive.google.com/file/d/1qWUGXQsrCO9i0kwLuSSjR9TbKopcTkKJ/view?usp=sharing
Rizal Technological University,Public,Required,"BA COMMUNICATION ARTS, BA POLITICAL SCIENCE, BA PUBLIC ADMINISTRATION, BA SOCIOLOGY, BS ACCOUNTANCY, BS BUSINESS ADMINISTRATION, BS COMPUTER SCIENCE, BS CIVIL ENGINEERING, BS ELECTRICAL ENGINEERING, BS ELECTRONICS ENGINEERING, BS INDUSTRIAL ENGINEERING, BS MECHANICAL ENGINEERING, BS INFORMATION TECHNOLOGY, BS ARCHITECTURE, BS CRIMINOLOGY, BS NURSING, BS PSYCHOLOGY, BS SECONDARY EDUCATION, BS ELEMENTARY EDUCATION, BS HOTEL AND RESTAURANT MANAGEMENT, BS TOURISM MANAGEMENT",City of Mandaluyong,https://www.rtu.edu.ph/,https://drive.google.com/file/d/1CHiDoYBg72TltVpyajfuqybMSpodOBIW/view?usp=sharing
Technological University of the Phiippines - Manila,Public,Required,"BA COMMUNICATION ARTS, BA POLITICAL SCIENCE, BA PUBLIC ADMINISTRATION, BA SOCIOLOGY, BS ACCOUNTANCY, BS BUSINESS ADMINISTRATION, BS COMPUTER SCIENCE, BS CIVIL ENGINEERING, BS ELECTRICAL ENGINEERING, BS ELECTRONICS ENGINEERING, BS INDUSTRIAL ENGINEERING, BS MECHANICAL ENGINEERING, BS INFORMATION TECHNOLOGY, BS ARCHITECTURE, BS CRIMINOLOGY, BS NURSING, BS PSYCHOLOGY, BS SECONDARY EDUCATION, BS ELEMENTARY EDUCATION, BS HOTEL AND RESTAURANT MANAGEMENT, BS TOURISM MANAGEMENT",City of Manila,https://tup.edu.ph/,https://drive.google.com/file/d/1Nn17nCir9bGo2R6w3ivaGuOV6BT_QVng/view?usp=sharing
University of Caloocan City,Public,Required,"BA COMMUNICATION ARTS, BA POLITICAL SCIENCE, BA PUBLIC ADMINISTRATION, BA SOCIOLOGY, BS ACCOUNTANCY, BS BUSINESS ADMINISTRATION, BS COMPUTER SCIENCE, BS CIVIL ENGINEERING, BS ELECTRICAL ENGINEERING, BS ELECTRONICS ENGINEERING, BS INDUSTRIAL ENGINEERING, BS MECHANICAL ENGINEERING, BS INFORMATION TECHNOLOGY, BS CRIMINOLOGY, BS NURSING, BS PSYCHOLOGY, BS SECONDARY EDUCATION, BS ELEMENTARY EDUCATION",City of Caloocan,https://ucc-caloocan.edu.ph/,https://drive.google.com/file/d/1g6DlPk_hL4MVC0zWLkaqy3BOhbJolOCj/view?usp=sharing
Taguig City University,Public,Required,"BA COMMUNICATION ARTS, BA POLITICAL SCIENCE, BA PUBLIC ADMINISTRATION, BA SOCIOLOGY, BS ACCOUNTANCY, BS BUSINESS ADMINISTRATION, BS COMPUTER SCIENCE, BS CIVIL ENGINEERING, BS ELECTRICAL ENGINEERING, BS ELECTRONICS ENGINEERING, BS INDUSTRIAL ENGINEERING, BS MECHANICAL ENGINEERING, BS INFORMATION TECHNOLOGY, BS CRIMINOLOGY, BS NURSING, BS PSYCHOLOGY, BS SECONDARY EDUCATION, BS ELEMENTARY EDUCATION",City of Taguig,https://tcu.edu.ph/,https://drive.google.com/file/d/1dED8oYrHmEuLIzCdtEV4wiLRG8_s5G7G/view?usp=sharing
University of the Philippines Manila,Public,Required,"BS NURSING, BS PUBLIC HEALTH, BS PHARMACY, BS PHYSICAL THERAPY, BS OCCUPATIONAL THERAPY, BS SPEECH PATHOLOGY, BS MEDICAL TECHNOLOGY, BS BIOLOGY, BS BIOCHEMISTRY, BS MOLECULAR BIOLOGY AND BIOTECHNOLOGY, BS NUTRITION, BS ENVIRONMENTAL SCIENCE, BS COMMUNITY DEVELOPMENT, BS PUBLIC ADMINISTRATION, BS BEHAVIORAL SCIENCES, BA BEHAVIORAL SCIENCES, BA SOCIAL SCIENCES, BA COMMUNICATION ARTS, BA ORGANIZATIONAL COMMUNICATION, BA POLITICAL SCIENCE, BA PHILOSOPHY, BA HISTORY, BA PSYCHOLOGY, BS TOURISM, BS HOTEL, RESTAURANT AND INSTITUTION MANAGEMENT, BS MANAGEMENT, BS COMMUNITY NUTRITION, BS RADIOLOGIC TECHNOLOGY",City of Manila,https://www.upm.edu.ph/,https://drive.google.com/file/d/1jDtDCDlss5WSYpC6MFC_1cxbIk7APSfb/view?usp=sharing
Unibersidad de Manila,Public,Required,"BS BUSINESS ADMINISTRATION, BS PUBLIC ADMINISTRATION, BS ACCOUNTANCY, BS ACCOUNTING TECHNOLOGY, BS HOTEL AND RESTAURANT MANAGEMENT, BS TOURISM MANAGEMENT, BS INFORMATION TECHNOLOGY, BS COMPUTER SCIENCE, BS CRIMINOLOGY, BS EDUCATION, BA COMMUNICATION, BA POLITICAL SCIENCE, BA PSYCHOLOGY, BA SOCIOLOGY, BA ENGLISH, BA FILIPINO, BA HISTORY, BA ECONOMICS, BA PUBLIC ADMINISTRATION, BA POLITICAL SCIENCE, BA SOCIAL WORK, BA PHILOSOPHY",City of Manila,https://udmwebsite.udm.edu.ph/,https://drive.google.com/file/d/1K1Tmjn7-8zkjmZzubQQlEo_3balTeWb5/view?usp=sharing
Philippine Normal University,Public,Required,"BACHELOR OF ELEMENTARY EDUCATION, BACHELOR OF SECONDARY EDUCATION, BACHELOR OF LIBRARY AND INFORMATION SCIENCE, BACHELOR OF EARLY CHILDHOOD EDUCATION, BACHELOR OF SCIENCE IN EDUCATION, BA HISTORY, BA POLITICAL SCIENCE, BA ENGLISH, BA SOCIAL SCIENCES, BS MATHEMATICS, BS BIOLOGY, BS PHYSICS, BS CHEMISTRY, BS ENVIRONMENTAL SCIENCE, BS INFORMATION TECHNOLOGY",City of Manila,https://www.pnu.edu.ph/,https://drive.google.com/file/d/1v_V0kxAF12qAamdxTUaW-2l12CObrSYa/view?usp=sharing
Pamantasan ng Lungsod ng Marikina,Public,Required,"BS ELEMENTARY EDUCATION, BS SECONDARY EDUCATION, BS LIBRARY SCIENCE, BS EARLY CHILDHOOD EDUCATION, BS EDUCATION, BS BUSINESS ADMINISTRATION, BS ENTREPRENEURSHIP, BS INFORMATION TECHNOLOGY, BS COMPUTER SCIENCE, BS CRIMINOLOGY, BA POLITICAL SCIENCE, BA COMMUNICATION, BA PSYCHOLOGY, BA SOCIOLOGY, BA ENGLISH, BA PUBLIC ADMINISTRATION, BS NURSING",City of Marikina,https://plmar.edu.ph/,https://drive.google.com/file/d/1AekkGlpTO7nDwIuLJ7Q8QWXeS911X24a/view?usp=sharing
Pamantasan ng Lungsod ng Muntinlupa,Public,Required,"BS BUSINESS ADMINISTRATION, BS ENTREPRENEURSHIP, BS INFORMATION TECHNOLOGY, BS COMPUTER SCIENCE, BS CRIMINOLOGY, BA POLITICAL SCIENCE, BA COMMUNICATION, BA PSYCHOLOGY, BA SOCIOLOGY, BA ENGLISH, BA PUBLIC ADMINISTRATION, BS ACCOUNTANCY, BS ACCOUNTING TECHNOLOGY, BS CIVIL ENGINEERING, BS ELECTRONICS ENGINEERING, BS INDUSTRIAL ENGINEERING, BS ELECTRICAL ENGINEERING, BS MECHANICAL ENGINEERING, BS ARCHITECTURE",City of Muntinlupa,https://plmun.edu.ph/,https://drive.google.com/file/d/1wsIa9nOE4A4h6AIufPC-GvillIhljzMT/view?usp=sharing
Pamantasan ng Lungsod ng Pasig,Public,Required,"BS BUSINESS ADMINISTRATION, BS ENTREPRENEURSHIP, BS INFORMATION TECHNOLOGY, BS COMPUTER SCIENCE, BS CRIMINOLOGY, BA POLITICAL SCIENCE, BA COMMUNICATION, BA PSYCHOLOGY, BA SOCIOLOGY, BA ENGLISH, BA PUBLIC ADMINISTRATION, BS ACCOUNTANCY, BS ACCOUNTING TECHNOLOGY, BS CIVIL ENGINEERING, BS ELECTRONICS ENGINEERING, BS INDUSTRIAL ENGINEERING, BS ELECTRICAL ENGINEERING, BS MECHANICAL ENGINEERING, BS ARCHITECTURE",City of Pasig,https://plpasig.edu.ph/,https://drive.google.com/file/d/1xXadsWJe1kaIF6H6nkiKDK1pbuFseMAa/view?usp=sharing
City of Malabon University,Public,Required,"BACHELOR OF ELEMENTARY EDUCATION, BACHELOR OF SECONDARY EDUCATION, BACHELOR OF LIBRARY AND INFORMATION SCIENCE, BACHELOR OF EARLY CHILDHOOD EDUCATION, BACHELOR OF SCIENCE IN EDUCATION, BS BUSINESS ADMINISTRATION, BS ACCOUNTANCY, BS ENTREPRENEURSHIP, BS INFORMATION TECHNOLOGY, BS COMPUTER SCIENCE, BS CRIMINOLOGY, BA POLITICAL SCIENCE, BA COMMUNICATION, BA PSYCHOLOGY, BA SOCIOLOGY, BA ENGLISH, BA PUBLIC ADMINISTRATION",City of Malabon,https://cityofmalabonuniversity.edu.ph/,https://drive.google.com/file/d/1Ddafg2LS-AI3RXXaUlfewwgtuuL83ZFS/view?usp=sharing
Polytechnic University of the Philippines - Taguig City,Public,Required,"BACHELOR OF ELEMENTARY EDUCATION, BACHELOR OF SECONDARY EDUCATION, BS INFORMATION TECHNOLOGY, BS COMPUTER SCIENCE, BS CRIMINOLOGY, BS BUSINESS ADMINISTRATION, BS ENTREPRENEURSHIP, BS OFFICE ADMINISTRATION, BS ACCOUNTANCY, BS HOSPITALITY MANAGEMENT, BS TOURISM MANAGEMENT",City of Taguig,https://www.pup.edu.ph/taguig/,https://drive.google.com/file/d/1iXLQXYM5NyCWftArO8H7_iyyewinMSqa/view?usp=sharing
Quezon City University,Public,Required,"BS ELEMENTARY EDUCATION, BS SECONDARY EDUCATION, BS EARLY CHILDHOOD EDUCATION, BS BUSINESS ADMINISTRATION, BS ENTREPRENEURSHIP, BS INFORMATION TECHNOLOGY, BS COMPUTER SCIENCE, BS CRIMINOLOGY, BA POLITICAL SCIENCE, BA COMMUNICATION, BA PSYCHOLOGY, BA SOCIOLOGY, BA ENGLISH, BA PUBLIC ADMINISTRATION",Quezon City,https://qcu.edu.ph/,https://drive.google.com/file/d/1Fel4CV2I-r9v2bt-7BNo3SkZ0NDCNySK/view?usp=sharing
Pamantasan ng Lungsod ng Pasay,Public,Required,"BS BUSINESS ADMINISTRATION, BS ENTREPRENEURSHIP, BS INFORMATION TECHNOLOGY, BS COMPUTER SCIENCE, BS CRIMINOLOGY, BA POLITICAL SCIENCE, BA COMMUNICATION, BA PSYCHOLOGY, BA SOCIOLOGY, BA ENGLISH, BA PUBLIC ADMINISTRATION",City of Pasay,https://sites.google.com/cup.edu.ph/city-university-of-pasay/home,https://drive.google.com/file/d/1vVXre223JaSVIEL0rTKXzRw5Aa4j7DYu/view?usp=sharing
Technological University of the Philippines - Taguig City,Public,Required,"BS BUSINESS ADMINISTRATION, BS ENTREPRENEURSHIP, BS INFORMATION TECHNOLOGY, BS COMPUTER SCIENCE, BS CRIMINOLOGY, BA POLITICAL SCIENCE, BA COMMUNICATION, BA PSYCHOLOGY, BA SOCIOLOGY, BA ENGLISH, BA PUBLIC ADMINISTRATION, BS ACCOUNTANCY, BS ACCOUNTING TECHNOLOGY, BS CIVIL ENGINEERING, BS ELECTRONICS ENGINEERING, BS INDUSTRIAL ENGINEERING, BS ELECTRICAL ENGINEERING, BS MECHANICAL ENGINEERING, BS ARCHITECTURE",City of Taguig,https://tupt.edu.ph/portal/,https://drive.google.com/file/d/1Nn17nCir9bGo2R6w3ivaGuOV6BT_QVng/view?usp=sharing
Polytechnic University of the Philippines - Quezon City,Public,Required,"BS INFORMATION TECHNOLOGY, BS COMPUTER SCIENCE, BS OFFICE ADMINISTRATION, BS BUSINESS ADMINISTRATION, BS ENTREPRENEURSHIP, BS ACCOUNTANCY, BS ACCOUNTING TECHNOLOGY, BS CIVIL ENGINEERING, BS ELECTRONICS ENGINEERING, BS INDUSTRIAL ENGINEERING, BS ELECTRICAL ENGINEERING, BS MECHANICAL ENGINEERING, BS ARCHITECTURE",Quezon City,https://www.pup.edu.ph/quezoncity/,https://drive.google.com/file/d/1V-2I3lvOF50Qykyw9qS4czvmSrErHPrx/view?usp=sharing
Marikina Polytechnic College,Public,Required,"BS ELEMENTARY EDUCATION, BS SECONDARY EDUCATION, BS BUSINESS ADMINISTRATION, BS OFFICE ADMINISTRATION, BS COMPUTER SCIENCE, BS INFORMATION TECHNOLOGY, BS CIVIL ENGINEERING, BS ELECTRONICS ENGINEERING, BS ELECTRICAL ENGINEERING, BS MECHANICAL ENGINEERING, BS HOTEL AND RESTAURANT MANAGEMENT",City of Marikina,https://mpc.edu.ph/,https://drive.google.com/file/d/10kh-YQPEAcM63ucLg7frXjPdH2FiTOlS/view?usp=sharing
Pamantasan ng Lungsod ng Valenzuela,Public,Required,"BS ELEMENTARY EDUCATION, BS SECONDARY EDUCATION, BS BUSINESS ADMINISTRATION, BS ENTREPRENEURSHIP, BS INFORMATION TECHNOLOGY, BS COMPUTER SCIENCE, BS CRIMINOLOGY, BA POLITICAL SCIENCE, BA COMMUNICATION, BA PSYCHOLOGY, BA SOCIOLOGY, BA ENGLISH, BA PUBLIC ADMINISTRATION",City of Valenzuela,https://valenzuela.plv.edu.ph/PLVWeb/admission,https://drive.google.com/file/d/1tB3nDfyFIj9gY17ht6h6x7hJwzq_EcQb/view?usp=sharing
Navotas Polytechnic College,Public,Required,"BS ELEMENTARY EDUCATION, BS SECONDARY EDUCATION, BS BUSINESS ADMINISTRATION, BS ENTREPRENEURSHIP, BS INFORMATION TECHNOLOGY, BS CRIMINOLOGY, BA POLITICAL SCIENCE, BA COMMUNICATION, BA PSYCHOLOGY, BA SOCIOLOGY, BA ENGLISH, BA PUBLIC ADMINISTRATION",City of Navotas,https://navotaspolytechniccollege.edu.ph/,https://drive.google.com/file/d/1cOiEx8or8gcCL0K2rMZzAGhKryxozUD1/view?usp=sharing
Polytechnic University of the Philippines - San Juan City,Public,Required,"BS BUSINESS ADMINISTRATION, BS ENTREPRENEURSHIP, BS INFORMATION TECHNOLOGY, BS COMPUTER SCIENCE, BS CRIMINOLOGY, BS ACCOUNTANCY, BS CIVIL ENGINEERING, BS ELECTRONICS ENGINEERING, BS ELECTRICAL ENGINEERING, BS INDUSTRIAL ENGINEERING, BS MECHANICAL ENGINEERING, BS ARCHITECTURE",City of San Juan,https://www.pup.edu.ph/sanjuan/,https://drive.google.com/file/d/1cAWV0qT4QiIm3OfH5NesCCdRhDvAPmjf/view?usp=sharing
Philippine Merchant Marine School,Public,Required,"BS MARINE TRANSPORTATION, BS MARINE ENGINEERING",City of Las Piñas,https://pmma.edu.ph/,https://drive.google.com/file/d/1SMvRhdbO6nJXz3RzRf9EhRnYh3lVBkHx/view?usp=sharing
Polytechnic University of the Philippines - Parañaque City,Public,Required,"BS BUSINESS ADMINISTRATION, BS ENTREPRENEURSHIP, BS INFORMATION TECHNOLOGY, BS COMPUTER SCIENCE, BS CRIMINOLOGY, BS ACCOUNTANCY, BS CIVIL ENGINEERING, BS ELECTRONICS ENGINEERING, BS ELECTRICAL ENGINEERING, BS INDUSTRIAL ENGINEERING, BS MECHANICAL ENGINEERING, BS ARCHITECTURE",City of Parañaque,https://www.pup.edu.ph/paranaque/,https://drive.google.com/file/d/1iFKmCbAAiEwsGIGd2Gi3UnteHLIeLPAu/view?usp=sharing
Dr. Filemon C. Aguilar Memorial College of Las Piñas,Public,Required,"BS ACCOUNTANCY, BS BUSINESS ADMINISTRATION, BS COMPUTER SCIENCE, BS CRIMINOLOGY, BS INFORMATION TECHNOLOGY, BS HOTEL AND RESTAURANT MANAGEMENT, BS TOURISM MANAGEMENT, BACHELOR OF SECONDARY EDUCATION, BACHELOR OF ELEMENTARY EDUCATION",City of Las Piñas,https://www.facebook.com/dfcamclpOCR,https://drive.google.com/file/d/1wqijnVeKa7GRnp6xlBrmkaod4j7bXPOF/view?usp=sharing
Pateros Technological College,Public,Required,"BS COMPUTER SCIENCE, BS INFORMATION TECHNOLOGY, BS CRIMINOLOGY, BS BUSINESS ADMINISTRATION, BACHELOR OF ELEMENTARY EDUCATION, BACHELOR OF SECONDARY EDUCATION",City of Pateros,https://www.paterostechnologicalcollege.edu.ph/,https://drive.google.com/file/d/14XPcl82pRUCMYfzffAJZ54Wwki_Q0fTs/view?usp=sharing
Polytechnic University of the Philippines - Open University,Public,Required,"BS BUSINESS ADMINISTRATION, BS ENTREPRENEURSHIP, BS INFORMATION TECHNOLOGY, BS COMPUTER SCIENCE, BS CRIMINOLOGY",City of Manila,https://www.pup.edu.ph/ous/,https://drive.google.com/file/d/1iXLQXYM5NyCWftArO8H7_iyyewinMSqa/view?usp=sharing
Valenzuela City Polytechnic College,Public,Required,"BS BUSINESS ADMINISTRATION, BS ENTREPRENEURSHIP, BS INFORMATION TECHNOLOGY, BS COMPUTER SCIENCE, BS CRIMINOLOGY, BACHELOR OF SECONDARY EDUCATION, BACHELOR OF ELEMENTARY EDUCATION, BS HOSPITALITY MANAGEMENT, BS TOURISM MANAGEMENT",City of Valenzuela,No website,https://drive.google.com/file/d/1EA7TfnUObgxEUfOj2bjlUxLxKtVfP8ea/view?usp=sharing
Rizal Technological University - Pasig Campus,Public,Not Required,"BS BUSINESS ADMINISTRATION, BS INFORMATION TECHNOLOGY, BS COMPUTER SCIENCE, BS CRIMINOLOGY, BS CIVIL ENGINEERING, BS ELECTRICAL ENGINEERING, BS MECHANICAL ENGINEERING, BS INDUSTRIAL ENGINEERING, BS ARCHITECTURE",City of Pasig,https://www.rtu.edu.ph/,https://drive.google.com/file/d/169T5WVRGRdDXv0UZNFtzDiOjdPBJzpHB/view?usp=sharing
Philippine Public Safety College,Public,Not Required,"BS CRIMINOLOGY, BS PUBLIC SAFETY, BS FIRE PROTECTION ENGINEERING",City of Taguig,https://ppsc.gov.ph/,https://drive.google.com/file/d/1wEhP-My2lY7POO7IxedWfVYGMAFvmUdg/view?usp=sharing
Parañaque City College of Science and Technology,Public,Not Required,"BS COMPUTER SCIENCE, BS INFORMATION TECHNOLOGY, BS CRIMINOLOGY, BS BUSINESS ADMINISTRATION, BS HOSPITALITY MANAGEMENT, BACHELOR OF SECONDARY EDUCATION, BACHELOR OF ELEMENTARY EDUCATION",City of Parañaque,https://www.facebook.com/tesdapcc/,https://drive.google.com/file/d/1YDk_zecdRN_4KXVsSFiMKwXWuw_cduuY/view?usp=sharing
Mapua University - Manila,Private,Required,"BS CIVIL ENGINEERING, BS ELECTRICAL ENGINEERING, BS MECHANICAL ENGINEERING, BS COMPUTER ENGINEERING, BS ELECTRONICS ENGINEERING, BS CHEMICAL ENGINEERING, BS INDUSTRIAL ENGINEERING, BS ARCHITECTURE",City of Manila,https://www.mapua.edu.ph/,https://drive.google.com/file/d/1WW5PGu_GdteLwyhypEohN-qtNwWyxwZZ/view?usp=sharing
Manila Central University,Private,Required,"BS NURSING, BS PHARMACY, BS MEDICAL TECHNOLOGY, BS BIOLOGY, BS ACCOUNTANCY, BS BUSINESS ADMINISTRATION, BS INFORMATION TECHNOLOGY, BS CRIMINOLOGY",City of Caloocan,https://mcu.edu.ph/,https://drive.google.com/file/d/1_Pc5pfAJMOXKgCtD5qE-mMYIphSFxE5s/view?usp=sharing
Mapua University - Makati,Private,Required,"BS CIVIL ENGINEERING, BS ELECTRICAL ENGINEERING, BS ELECTRONICS ENGINEERING, BS MECHANICAL ENGINEERING, BS INDUSTRIAL ENGINEERING, BS COMPUTER ENGINEERING, BS CHEMICAL ENGINEERING, BS INFORMATION TECHNOLOGY, BS COMPUTER SCIENCE, BS ARCHITECTURE",City of Makati,https://www.mapua.edu.ph/pages/about-mapua/the-university,https://drive.google.com/file/d/1ggIgkOgmlTFpEHSUgab2DG74_i1h1y6x/view?usp=sharing
Southville International School and Colleges,Private,Required,"BS PSYCHOLOGY, BS BUSINESS ADMINISTRATION, BS INFORMATION TECHNOLOGY, BS TOURISM MANAGEMENT, BA COMMUNICATION, BA MULTIMEDIA ARTS, BA MASS COMMUNICATION, BA INTERIOR DESIGN",City of Las Piñas,https://www.southville.edu.ph/,https://drive.google.com/file/d/1Zv6QiF40WTZZOCnIXZqGP2g5O27GJDO3/view?usp=sharing
De La Salle University,Private,Required,"BS BUSINESS ADMINISTRATION, BS ACCOUNTANCY, BS COMPUTER SCIENCE, BS INFORMATION TECHNOLOGY, BS ELECTRONICS ENGINEERING, BS MECHANICAL ENGINEERING, BS CHEMICAL ENGINEERING, BS PSYCHOLOGY, BS BIOLOGY, BA COMMUNICATION, BA POLITICAL SCIENCE, BA ENGLISH LITERATURE",City of Manila,https://www.dlsu.edu.ph/,https://drive.google.com/file/d/1jNP4CqKFRUoXNBhTjFsXnIAg3rPwkVT-/view?usp=sharing
Ateneo de Manila University,Private,Required,"BS MANAGEMENT ENGINEERING, BS ACCOUNTANCY, BS MANAGEMENT, BS INFORMATION TECHNOLOGY, BS COMPUTER SCIENCE, BS APPLIED MATHEMATICS, BS PHYSICS, BS BIOLOGY, BS PSYCHOLOGY, BA COMMUNICATION, BA POLITICAL SCIENCE, BA ENGLISH LITERATURE, BA PHILOSOPHY, BA HISTORY, BA SOCIOLOGY, BA ECONOMICS, BA DEVELOPMENT STUDIES, BA CREATIVE WRITING, BA INFORMATION DESIGN, BA THEATER ARTS",Quezon City,https://www.ateneo.edu/,https://drive.google.com/file/d/1_LgTTNC8OvuNYlTewIH-DdfoM6IpuNEW/view?usp=sharing
Centro Escolar University,Private,Required,"BS NURSING, BS PHARMACY, BS MEDICAL TECHNOLOGY, BS BIOLOGY, BS PSYCHOLOGY, BS BUSINESS ADMINISTRATION, BS INFORMATION TECHNOLOGY, BS TOURISM MANAGEMENT, BA COMMUNICATION, BA POLITICAL SCIENCE, BA ENGLISH LITERATURE",City of Manila,https://www.ceu.edu.ph/,https://drive.google.com/file/d/18tlgEqGQY5sJstThqY3siRg3aHU7v73q/view?usp=sharing
Philippine Women's University,Private,Required,"BS NURSING, BS BUSINESS ADMINISTRATION, BS TOURISM MANAGEMENT, BS HOSPITALITY MANAGEMENT, BS INFORMATION TECHNOLOGY, BS COMPUTER SCIENCE, BS PSYCHOLOGY, BS ACCOUNTANCY, BS ENTREPRENEURSHIP, BA COMMUNICATION ARTS, BA BROADCASTING, BA MULTIMEDIA ARTS, BA POLITICAL SCIENCE, BA INTERNATIONAL STUDIES, BA JOURNALISM, BA ENGLISH STUDIES, BA HISTORY, BA INTERIOR DESIGN, BA PSYCHOLOGY, BACHELOR OF ELEMENTARY EDUCATION, BACHELOR OF SECONDARY EDUCATION, BS IN ENTREPRENEURIAL MANAGEMENT",City of Manila,https://www.pwu.edu.ph/,https://drive.google.com/file/d/15NKoVh6kO3lv19kHQ0RM3B_H40o0ZnR7/view?usp=sharing
New Era University,Private,Required,"BS ACCOUNTANCY, BS BUSINESS ADMINISTRATION, BS COMPUTER SCIENCE, BS INFORMATION TECHNOLOGY, BS CRIMINOLOGY, BS HOSPITALITY MANAGEMENT, BS TOURISM MANAGEMENT, BS PSYCHOLOGY, BA COMMUNICATION, BA POLITICAL SCIENCE, BA ENGLISH, BA HISTORY, BA SOCIOLOGY, BA ECONOMICS, BA INTERNATIONAL STUDIES, BACHELOR OF ELEMENTARY EDUCATION, BACHELOR OF SECONDARY EDUCATION",Quezon City,https://www.neu.edu.ph/main/,https://drive.google.com/file/d/1R7vxoXkiaO_-5A4tYKx6Yta3SfmrnR2g/view?usp=sharing
Adamson University,Private,Required,"BS ARCHITECTURE, BS BIOLOGY, BS BUSINESS ADMINISTRATION, BS CHEMICAL ENGINEERING, BS CHEMISTRY, BS CIVIL ENGINEERING, BS COMPUTER ENGINEERING, BS COMPUTER SCIENCE, BS CONSTRUCTION MANAGEMENT, BS ELECTRICAL ENGINEERING, BS ELECTRONICS ENGINEERING, BS FINANCE, BS HOSPITALITY MANAGEMENT, BS INDUSTRIAL ENGINEERING, BS INFORMATION SYSTEMS, BS INTERIOR DESIGN, BS MANAGEMENT, BS MARKETING MANAGEMENT, BS MATHEMATICS, BS MECHANICAL ENGINEERING, BS MEDICAL TECHNOLOGY, BS NURSING, BS PHARMACY, BS PHYSICS, BS PSYCHOLOGY, BS REAL ESTATE MANAGEMENT, BS SOCIAL WORK, BS TOURISM MANAGEMENT",City of Manila,https://www.adamson.edu.ph/2018/,https://drive.google.com/file/d/1wjNm4lVEVzf4xr7n4bNBIXUQaOxzoHMq/view?usp=sharing
Philippine Christian University,Private,Required,"BS ACCOUNTANCY, BS BUSINESS ADMINISTRATION, BS ENTREPRENEURSHIP, BS FINANCIAL MANAGEMENT, BS MANAGEMENT ACCOUNTING, BS MARKETING MANAGEMENT, BS CUSTOMS ADMINISTRATION, BS HOSPITALITY MANAGEMENT, BS TOURISM MANAGEMENT, BS COMPUTER SCIENCE, BS INFORMATION TECHNOLOGY, BS INFORMATION SYSTEMS, BS PSYCHOLOGY, BS ELEMENTARY EDUCATION, BS SECONDARY EDUCATION",City of Manila,https://pcu.edu.ph/,https://drive.google.com/file/d/1VzqngI1XlYmzh6gB9m4Pu6S-mKug7vRZ/view?usp=sharing
University of Perpetual Help System DALTA - Las Piñas,Private,Required,"BS ACCOUNTANCY, BS ACCOUNTING TECHNOLOGY, BS BUSINESS ADMINISTRATION, BS ENTREPRENEURSHIP, BS CUSTOMS ADMINISTRATION, BS HOSPITALITY MANAGEMENT, BS TOURISM MANAGEMENT, BS FINANCIAL MANAGEMENT, BS MARKETING MANAGEMENT, BS MANAGEMENT ACCOUNTING, BS ECONOMICS, BS COMPUTER SCIENCE, BS INFORMATION TECHNOLOGY, BS INFORMATION SYSTEMS, BS PSYCHOLOGY, BS MASS COMMUNICATION, BS NURSING, BS PHARMACY, BS BIOLOGY, BS MEDICAL TECHNOLOGY, BS CRIMINOLOGY, BS SECONDARY EDUCATION, BS ELEMENTARY EDUCATION",City of Las Piñas,https://perpetualdalta.edu.ph/,https://drive.google.com/file/d/1wA1wtjxPZoFmKXs0sJWPOeNwb0LmV0JE/view?usp=sharing
St. Scholastica's College,Private,Required,"BS ACCOUNTANCY, BS BUSINESS ADMINISTRATION, BS ECONOMICS, BS MARKETING MANAGEMENT, BS HUMAN RESOURCE MANAGEMENT, BS ENTREPRENEURSHIP, BS INFORMATION TECHNOLOGY, BS INTERIOR DESIGN, BS NUTRITION AND DIETETICS, BS PSYCHOLOGY, BA COMMUNICATION ARTS, BA ENGLISH STUDIES, BA PHILOSOPHY, BA APPLIED ARTS, BA INTERNATIONAL STUDIES, BA BEHAVIORAL SCIENCE, BA EARLY CHILDHOOD EDUCATION, BA ELEMENTARY EDUCATION, BA SECONDARY EDUCATION",City of Manila,https://ssc.edu.ph/,https://drive.google.com/file/d/1l_Lbkl1EX64pvAcYPWz42DbARtLk2OGa/view?usp=sharing
St. Paul University Manila,Private,Required,"BS ACCOUNTANCY, BS BUSINESS ADMINISTRATION, BS ENTREPRENEURSHIP, BS FINANCIAL MANAGEMENT, BS MARKETING MANAGEMENT, BS HOSPITALITY MANAGEMENT, BS TOURISM MANAGEMENT, BS COMPUTER SCIENCE, BS INFORMATION TECHNOLOGY, BS PSYCHOLOGY, BS INDUSTRIAL PSYCHOLOGY, BS INTERIOR DESIGN, BS ARCHITECTURE, BS EDUCATION, BA COMMUNICATION ARTS, BA ENGLISH LANGUAGE STUDIES, BA POLITICAL SCIENCE, BA INTERNATIONAL RELATIONS, BA ECONOMICS, BA HISTORY, BA PHILOSOPHY, BA THEOLOGY, BA SOCIAL SCIENCES, BA MASS COMMUNICATION",City of Manila,https://spumanila.edu.ph/,https://drive.google.com/file/d/1fcfjGqLQmxvHR6mpU0xikqRfxN7yUJRl/view?usp=sharing
Far Eastern University,Private,Required,"BS ACCOUNTANCY, BS ACCOUNTING TECHNOLOGY, BS BUSINESS ADMINISTRATION, BS FINANCIAL MANAGEMENT, BS MARKETING MANAGEMENT, BS HUMAN RESOURCE MANAGEMENT, BS ENTREPRENEURSHIP, BS COMPUTER SCIENCE, BS INFORMATION TECHNOLOGY, BS INFORMATION SYSTEMS, BS CIVIL ENGINEERING, BS ELECTRICAL ENGINEERING, BS ELECTRONICS ENGINEERING, BS MECHANICAL ENGINEERING, BS ARCHITECTURE, BS INTERIOR DESIGN, BS INDUSTRIAL ENGINEERING, BS CLOTHING TECHNOLOGY, BS HOSPITALITY MANAGEMENT, BS TOURISM MANAGEMENT, BS PSYCHOLOGY, BS BIOLOGY, BS MEDICAL TECHNOLOGY, BS NURSING, BS PHARMACY, BS HEALTH SCIENCES, BS CRIMINOLOGY, BS CUSTOMS ADMINISTRATION, BS MARINE TRANSPORTATION, BS MARINE ENGINEERING, BS SECONDARY EDUCATION, BS ELEMENTARY EDUCATION",City of Manila,https://www.feu.edu.ph/,https://drive.google.com/file/d/14Uq9w6i3hgdN_aL-KitOOQkDumif6pf1/view?usp=sharing
Lyceum of the Philippines University,Private,Required,"BS ACCOUNTANCY, BS ACCOUNTING TECHNOLOGY, BS BUSINESS ADMINISTRATION, BS ENTREPRENEURSHIP, BS FINANCIAL MANAGEMENT, BS MARKETING MANAGEMENT, BS HUMAN RESOURCE DEVELOPMENT MANAGEMENT, BS HOSPITALITY MANAGEMENT, BS TOURISM MANAGEMENT, BS CUSTOMS ADMINISTRATION, BS COMPUTER SCIENCE, BS INFORMATION TECHNOLOGY, BS INFORMATION SYSTEMS, BS PSYCHOLOGY, BS LEGAL MANAGEMENT, BS CRIMINOLOGY, BS ARCHITECTURE, BS INTERIOR DESIGN, BS INDUSTRIAL ENGINEERING, BS CIVIL ENGINEERING, BS ELECTRICAL ENGINEERING, BS ELECTRONICS ENGINEERING, BS MECHANICAL ENGINEERING, BS BIOLOGY, BS MARINE TRANSPORTATION, BS MARINE ENGINEERING, BS NURSING, BS PHARMACY, BS MEDICAL TECHNOLOGY, BS SECONDARY EDUCATION, BS ELEMENTARY EDUCATION",City of Manila,https://www.lpu.edu.ph/,https://drive.google.com/file/d/1flgRJorRaYvMbjDHLqi9sbCGK6U-A2jV/view?usp=sharing
Emilio Aguinaldo College,Private,Required,"BS ACCOUNTANCY, BS BUSINESS ADMINISTRATION, BS ENTREPRENEURSHIP, BS FINANCIAL MANAGEMENT, BS MARKETING MANAGEMENT, BS HUMAN RESOURCE MANAGEMENT, BS HOSPITALITY MANAGEMENT, BS TOURISM MANAGEMENT, BS COMPUTER SCIENCE, BS INFORMATION TECHNOLOGY, BS INFORMATION SYSTEMS, BS PSYCHOLOGY, BS NURSING, BS PHARMACY, BS MEDICAL TECHNOLOGY, BS RADIOLOGIC TECHNOLOGY, BS PHYSICAL THERAPY, BS OCCUPATIONAL THERAPY, BS NUTRITION AND DIETETICS, BS PUBLIC HEALTH, BS BIOLOGY, BS CRIMINOLOGY, BS SECONDARY EDUCATION, BS ELEMENTARY EDUCATION",City of Manila,https://www.eac.edu.ph/,https://drive.google.com/file/d/17mdWwImMuQjn5wdRyR49SEcD9R-1SobL/view?usp=sharing
La Consolacion College - Manila,Private,Required,"BS ACCOUNTANCY, BS BUSINESS ADMINISTRATION, BS ENTREPRENEURSHIP, BS FINANCIAL MANAGEMENT, BS MARKETING MANAGEMENT, BS HUMAN RESOURCE MANAGEMENT, BS HOSPITALITY MANAGEMENT, BS TOURISM MANAGEMENT, BS COMPUTER SCIENCE, BS INFORMATION TECHNOLOGY, BS PSYCHOLOGY, BS NURSING, BS MEDICAL TECHNOLOGY, BS PHARMACY, BS BIOLOGY, BS CRIMINOLOGY, BS SECONDARY EDUCATION, BA COMMUNICATION, BA POLITICAL SCIENCE, BA PHILOSOPHY, BA HISTORY",City of Manila,https://www.lccm.edu.ph/,https://drive.google.com/file/d/1-N4ShbX9lLUUaAH7R3Nz4Hprz36pbrmA/view?usp=sharing
The National Teachers College,Private,Required,"BS ELEMENTARY EDUCATION, BS SECONDARY EDUCATION, BS EARLY CHILDHOOD EDUCATION, BS SPECIAL EDUCATION, BS LIBRARY AND INFORMATION SCIENCE, BS PSYCHOLOGY, BS CRIMINOLOGY, BS BUSINESS ADMINISTRATION, BS HOSPITALITY MANAGEMENT, BS TOURISM MANAGEMENT, BA COMMUNICATION, BA POLITICAL SCIENCE, BA PHILOSOPHY, BA HISTORY",City of Manila,https://ntc.edu.ph/,https://drive.google.com/file/d/16B8CzYom3k1wnrygQ9W3h1O7U8M0L9u5/view?usp=sharing
Lyceum of Alabang,Private,Required,"BS ACCOUNTANCY, BS BUSINESS ADMINISTRATION, BS ENTREPRENEURSHIP, BS FINANCIAL MANAGEMENT, BS MARKETING MANAGEMENT, BS HUMAN RESOURCE MANAGEMENT, BS HOSPITALITY MANAGEMENT, BS TOURISM MANAGEMENT, BS COMPUTER SCIENCE, BS INFORMATION TECHNOLOGY, BS PSYCHOLOGY, BS NURSING, BS MEDICAL TECHNOLOGY, BS PHARMACY, BS BIOLOGY, BS CRIMINOLOGY, BS SECONDARY EDUCATION, BA COMMUNICATION, BA POLITICAL SCIENCE, BA PHILOSOPHY, BA HISTORY",City of Muntinlupa,https://lyceumalabang.edu.ph/,https://drive.google.com/file/d/1M-EFQHSqjLIkDaJ_p7gwxmYdhsB48FBL/view?usp=sharing
Technological Institute of the Philippines - Quezon City,Private,Required,"BS ARCHITECTURE, BS CIVIL ENGINEERING, BS ELECTRICAL ENGINEERING, BS ELECTRONICS ENGINEERING, BS INDUSTRIAL ENGINEERING, BS MECHANICAL ENGINEERING, BS COMPUTER ENGINEERING, BS INFORMATION TECHNOLOGY, BS COMPUTER SCIENCE, BS ACCOUNTANCY, BS BUSINESS ADMINISTRATION, BS ENTREPRENEURSHIP, BS HOSPITALITY MANAGEMENT, BS TOURISM MANAGEMENT, BS CRIMINOLOGY, BS PSYCHOLOGY, BS SECONDARY EDUCATION, BA COMMUNICATION, BA POLITICAL SCIENCE, BA PHILOSOPHY, BA HISTORY",Quezon City,https://www.tip.edu.ph/,https://drive.google.com/file/d/16qwxFC7Zr1okNi67Qap_bidQ_h0qaxLM/view?usp=sharing
De La Salle Araneta University,Private,Required,"BS ACCOUNTANCY, BS BUSINESS ADMINISTRATION, BS ENTREPRENEURSHIP, BS FINANCIAL MANAGEMENT, BS MARKETING MANAGEMENT, BS HUMAN RESOURCE MANAGEMENT, BS HOSPITALITY MANAGEMENT, BS TOURISM MANAGEMENT, BS COMPUTER SCIENCE, BS INFORMATION TECHNOLOGY, BS PSYCHOLOGY, BS NURSING, BS MEDICAL TECHNOLOGY, BS PHARMACY, BS BIOLOGY, BS CRIMINOLOGY, BS SECONDARY EDUCATION, BA COMMUNICATION, BA POLITICAL SCIENCE, BA PHILOSOPHY, BA HISTORY",City of Malabon,https://www.dlsau.edu.ph/#gsc.tab=0,https://drive.google.com/file/d/1qN1wOQcPsDGy4ZaSJCMPWiWDAkITAzx3/view?usp=sharing
Miriam College,Private,Required,"BS ACCOUNTANCY, BS BUSINESS ADMINISTRATION, BS ENTREPRENEURSHIP, BS FINANCIAL MANAGEMENT, BS MARKETING MANAGEMENT, BS HUMAN RESOURCE MANAGEMENT, BS HOSPITALITY MANAGEMENT, BS TOURISM MANAGEMENT, BS COMPUTER SCIENCE, BS INFORMATION TECHNOLOGY, BS PSYCHOLOGY, BS NURSING, BS MEDICAL TECHNOLOGY, BS BIOLOGY, BS CRIMINOLOGY, BS SECONDARY EDUCATION, BA PHILOSOPHY, BA HISTORY, BA INTERNATIONAL STUDIES",Quezon City,www.mc.edu.ph,https://drive.google.com/file/d/1T9fRmDhz6azmenYVyCSorYJldoJjWaim/view?usp=sharing
Trinity University of Asia,Private,Required,"BS ACCOUNTANCY, BS BUSINESS ADMINISTRATION, BS ENTREPRENEURSHIP, BS FINANCIAL MANAGEMENT, BS MARKETING MANAGEMENT, BS HUMAN RESOURCE MANAGEMENT, BS HOSPITALITY MANAGEMENT, BS TOURISM MANAGEMENT, BS COMPUTER SCIENCE, BS INFORMATION TECHNOLOGY, BS PSYCHOLOGY, BS NURSING, BS MEDICAL TECHNOLOGY, BS BIOLOGY, BS CRIMINOLOGY, BS SECONDARY EDUCATION, BA COMMUNICATION, BA POLITICAL SCIENCE, BA PHILOSOPHY, BA HISTORY",Quezon City,https://www.tua.edu.ph/,https://drive.google.com/file/d/16MabViGopnnBqBqCxcKH1xLYOUlRE7rm/view?usp=sharing
Colegio de San Juan de Letran,Private,Required,"BS ACCOUNTANCY, BS BUSINESS ADMINISTRATION, BS ENTREPRENEURSHIP, BS FINANCIAL MANAGEMENT, BS MARKETING MANAGEMENT, BS HUMAN RESOURCE MANAGEMENT, BS HOSPITALITY MANAGEMENT, BS TOURISM MANAGEMENT, BS COMPUTER SCIENCE, BS INFORMATION TECHNOLOGY, BS PSYCHOLOGY, BS NURSING, BS MEDICAL TECHNOLOGY, BS BIOLOGY, BS CRIMINOLOGY, BS SECONDARY EDUCATION, BA COMMUNICATION, BA POLITICAL SCIENCE, BA PHILOSOPHY, BA HISTORY",City of Manila,https://www.letran.edu.ph/,https://drive.google.com/file/d/1IBliUQxPBkkTpHJoxx3BQNTIO8zRO6Cg/view?usp=sharing
University of Asia and the Pacific,Private,Required,"BS ACCOUNTANCY, BS MANAGEMENT, BS INFORMATION TECHNOLOGY, BS COMMUNICATION, BS COMPUTER SCIENCE, BS INDUSTRIAL ECONOMICS, BS INTERDISCIPLINARY STUDIES, BA PSYCHOLOGY, BA POLITICAL ECONOMY, BA LEGAL MANAGEMENT",City of Pasig,https://uap.asia/about,https://drive.google.com/file/d/1QFIJas-6YgrlT6jcm-95cFonLPp-88bq/view?usp=sharing
De La Salle - College of Saint Benilde,Private,Required,"BS ACCOUNTANCY, BS BUSINESS ADMINISTRATION, BS ENTREPRENEURSHIP, BS FINANCIAL MANAGEMENT, BS MARKETING MANAGEMENT, BS HUMAN RESOURCE MANAGEMENT, BS HOSPITALITY MANAGEMENT, BS TOURISM MANAGEMENT, BS INFORMATION TECHNOLOGY, BS COMPUTER SCIENCE, BS INTERIOR DESIGN, BS INDUSTRIAL DESIGN, BS MULTIMEDIA ARTS, BS DIGITAL MARKETING MANAGEMENT, BS INFORMATION SYSTEMS, BS LEGAL MANAGEMENT, BA COMMUNICATION, BA DIGITAL FILMMAKING, BA FILM, BA MUSIC PRODUCTION, BA FASHION DESIGN AND MERCHANDISING, BA INTERIOR DESIGN, BA THEATER ARTS, BA MULTIMEDIA ARTS, BA INTERNATIONAL STUDIES, BA CONSERVATION AND RESTORATION OF CULTURAL PROPERTY",City of Manila,https://www.benilde.edu.ph/,https://drive.google.com/file/d/1ovIxbtej84AKStDpGump1H4U77v9Ay49/view?usp=sharing
Technological Institute of the Philippines - Manila,Private,Required,"BS ARCHITECTURE, BS CIVIL ENGINEERING, BS ELECTRICAL ENGINEERING, BS ELECTRONICS ENGINEERING, BS INDUSTRIAL ENGINEERING, BS COMPUTER ENGINEERING, BS MECHANICAL ENGINEERING, BS MARINE ENGINEERING, BS MARITIME TRANSPORTATION, BS INFORMATION TECHNOLOGY, BS COMPUTER SCIENCE, BS IN ACCOUNTANCY, BS BUSINESS ADMINISTRATION, BS ENTREPRENEURSHIP, BS OFFICE ADMINISTRATION, BS HOSPITALITY MANAGEMENT, BS TOURISM MANAGEMENT, BS CULINARY MANAGEMENT, BS INTERIOR DESIGN, BS ARCHITECTURAL DESIGN AND TECHNOLOGY, BS INFORMATION SYSTEM",City of Manila,https://www.tip.edu.ph/,https://drive.google.com/file/d/1upwMiO-_nezKCIPRDhG4OslcHfYnTPmi/view?usp=sharing
San Sebastian College - Recoletos,Private,Required,"BS ACCOUNTANCY, BS BUSINESS ADMINISTRATION, BS ACCOUNTING TECHNOLOGY, BS ENTREPRENEURSHIP, BS FINANCIAL MANAGEMENT, BS HUMAN RESOURCE MANAGEMENT, BS MARKETING MANAGEMENT, BS ECONOMICS, BS CUSTOMS ADMINISTRATION, BS MANAGEMENT ACCOUNTING, BS COMPUTER SCIENCE, BS INFORMATION TECHNOLOGY, BS INFORMATION SYSTEMS, BS INDUSTRIAL ENGINEERING, BS ELECTRONICS ENGINEERING, BS ARCHITECTURE, BS INTERIOR DESIGN, BS PSYCHOLOGY, BA COMMUNICATION, BA MULTIMEDIA ARTS, BA JOURNALISM, BA BROADCASTING, BA LITERATURE, BA PHILOSOPHY, BA HISTORY",City of Manila,https://sscrmnl.edu.ph/,https://drive.google.com/file/d/1pTKRNw2nDNoG-bZlobcGZ_XsjHGRb3MJ/view?usp=sharing
Siena College,Private,Required,"BS PSYCHOLOGY, BS NUTRITION AND DIETETICS, BS INFORMATION TECHNOLOGY, BS BUSINESS ADMINISTRATION, BS ENTREPRENEURSHIP, BS ACCOUNTANCY, BS MANAGEMENT ACCOUNTING, BS COMPUTER SCIENCE, BS SECONDARY EDUCATION, BA COMMUNICATION, BA POLITICAL SCIENCE, BA PHILOSOPHY, BA HISTORY",Quezon City,https://scqc.edu.ph/,https://drive.google.com/file/d/1eVOPoQy2-JCMcE34KzCgQ-tWs64lL4wm/view?usp=sharing
Central Colleges of the Philippines,Private,Required,"BS ACCOUNTANCY, BS BUSINESS ADMINISTRATION, BS ENTREPRENEURSHIP, BS FINANCIAL MANAGEMENT, BS MARKETING MANAGEMENT, BS HUMAN RESOURCE MANAGEMENT, BS HOSPITALITY MANAGEMENT, BS TOURISM MANAGEMENT, BS COMPUTER SCIENCE, BS INFORMATION TECHNOLOGY, BS PSYCHOLOGY, BS NURSING, BS MEDICAL TECHNOLOGY, BS BIOLOGY, BS CRIMINOLOGY, BS SECONDARY EDUCATION, BA COMMUNICATION, BA POLITICAL SCIENCE, BA PHILOSOPHY, BA HISTORY",Quezon City,https://ccp.edu.ph/,https://drive.google.com/file/d/1SJeC0ouXmKmk6SG85t110Dj3uQB5fs0a/view?usp=sharing
Santa Isabel College,Private,Required,"BA EGLISH, BACHELOR IN ELEMENTARY EDUCATION, BACHELOR IN SECONDARY EDUCATION, BS BUSINESS ADMINISTRATION, BS ACCOUNTANCY, BS HOSPITALITY MANAGEMENT, BS INFORMATION TECHNOLOGY, BACHELOR OF MUSIC",City of Manila,https://santaisabel.edu.ph/,https://drive.google.com/file/d/1sa0HavEhZvSaCGGV0MF2RFhL9bWHeuT1/view?usp=sharing
St. Paul University Quezon City,Private,Required,"BA COMMUNICATION, BA POLITICAL SCIENCE, BA RELIGIOUS EDUCATION, BS ACCOUNTANCY, BS BIOLOGY, BS BUSINESS ADMINISTRATION, BS EDUCATION, BS ENTREPRENEURSHIP,  BS HOSPITALITY MANAGEMENT, BS INFORMATION TECHNOLOGY, BS MANAGEMENT ACCOUNTING, BS NURSING, BS PSYCHOLOGY, BS TOURISM MANAGEMENT",Quezon City,https://spuqc.edu.ph/,https://drive.google.com/file/d/1vV3o53T0UJSJq4UBivzlEYdPHyoEzR8X/view?usp=sharing
San Beda College Alabang,Private,Required,"BACHELOR IN EARLY CHILDHOOD EDUCATION, BACHELOR IN SECONDARY EDUCATION, BA INTERNATIONAL STUDIES, BS ACCOUNTANCY, BS ACCOUNTING INFORMATION SYSTEMS, BS COMPUTER ENGINEERING, BS ELECTRONICS ENGINEERING, BS INDUSTRIAL ENGINEERING, BS INFORMATION TECHNOLOGY",City of Muntinlupa,https://www.sanbeda-alabang.edu.ph/,https://drive.google.com/file/d/1u7T53zkBOJcqijg39Z8WwwZ8AF0Kmcag/view?usp=sharing
La Concordia College,Private,Required,"BACHELOR OF ELEMENTARY EDUCATION, BACHELOR OF SECONDARY EDUCATION, BS SOCIAL WORK, BS NURSING, BS BUSINESS ADMINISTRATION",City of Manila,https://laconcordia.edu.ph/,https://drive.google.com/file/d/1rw6F-wARNV42MuDNzB18UrnfXNO6QaQb/view?usp=sharing
Manuel L. Quezon University,Private,Required,"BS LAW, BS ARCHITECTURE, BS CRIMINOLOGY, BS MECHANICAL ENGINEERING, BS ACCOUNTANCY, BS REAL ESTATE MANAGEMENT",Quezon City,https://www.mlqu.ph/,https://drive.google.com/file/d/1VYIm1PtCkMjK2fu8yjEdzJZK5w3OsF9o/view?usp=sharing
San Beda University,Private,Required,"BS ACCOUNTANCY, AB LITERATURE, BA ENGLISH, BS ENVIRONMENTAL SCIENCE, BS ENTREPRENEURSHIP, BS HUMAN BIOLOGY, BS FINANCIAL MANAGEMENT, BS HUMAN RESOURCE DEVELOPMENT MANAGEMENT, BS INFORMATION AND COMMUNICATIONS TECHNOLOGY, BA LEGAL MANAGEMENT, BACHELOR IN PHYSICAL EDUCATION, BS POLITICAL SCIENCE, BS PSYCHOLOGY, BA PSYCHOLOGY, ",City of Manila,https://www.sanbeda.edu.ph/,https://drive.google.com/file/d/1c2n9u9HcYJuuCdEDPuzMh2uySqDEqM7u/view?usp=sharing
Centro Escolar University - Makati Gil Puyat,Private,Required,"BS ACCOUNTANCY, BS LEGAL MANAGEMENT, BS BUSINESS ADMINISTRATION, BS COMPUTER SCIENCE, BS INFORMATION TECHNOLOGY, BS INTERNATIONAL HOSPITALITY MANAGEMENT, BS MEDICAL TECHNOLOGY, BS NURSING, BS PHARMACY, ",City of Makati,https://makati.ceu.edu.ph/,https://drive.google.com/file/d/18tlgEqGQY5sJstThqY3siRg3aHU7v73q/view?usp=sharing
AMA Computer University - Quezon City,Private,Required,"BS COMPUTER SCIENCE, BS INFORMATION SYSTEMS, BS INFORMATION TECHNOLOGY, BS COMPUTER ENGINEERING, BS ELECTRONICS ENGINEERING, BS INDUSTRIAL ENGINEERING, BACHELOR IN BUSINESS ADMINISTRATION, BS ACCOUNTANCY, BA ENGLISH, BA ECONOMICS, BA MASS COMMUNICATION, BA POLITICAL SCIENCE",Quezon City,https://www.ama.edu.ph/,https://drive.google.com/file/d/1je750YPJVvoWFbcPGIiyhC_R-Z5HPE3Z/view?usp=sharing
Far Eastern University Institute of Technology,Private,Required,"BS COMPUTER SCIENCE, BS INFORMATION TECHNOLOGY, BACHELOR OF MULTIMEDIA ARTS, BS CIVIL ENGINEERING, BS COMPUTER ENGINEERING, BS ELECTRICAL ENGINEERING, BS ELECTRONICS ENGINEERING, BS MECHANICAL ENGINEERING",City of Manila,https://www.feutech.edu.ph/,https://drive.google.com/file/d/18pEWFgsTlC5sxRkroyliPM7GvFtnw2V9/view?usp=sharing
Immaculate Heart of Mary College,Private,Required,"BS ACCOUNTANCY, BS BUSINESS ADMINISTRATION, BS ELEMENTARY EDUCATION, BS SECONDARY EDUCATION, BS INFORMATION TECHNOLOGY, BS PSYCHOLOGY",City of Parañaque,https://ihmc-p.edu.ph/,https://drive.google.com/file/d/1YyFq7dk86OIvgjtJ0hw5hm2zY8yyX4n0/view?usp=sharing
iAcademy,Private,Required,"BS COMPUTER SCIENCE, BS BUSINESS ADMINISTRATION, BS REAL ESTATE MANAGEMENT, BA PSYCHOLOGY, BS ACCOUNTANCY, BA FASHION DESIGN AND TECHNOLOGY, BA MULTIMEDIA ARTS, BACHELOR OF MUSIC",City of Makati,https://iacademy.edu.ph/index.php,https://drive.google.com/file/d/1xjmES8zH5UpR6aOzsE5lVkE-4N3dscOK/view?usp=sharing
University of the East Ramon Magsaysay,Private,Required,"BS PHYSICAL THERAPY, BS NURSING, BS MEDICAL TECHNOLOGY",Quezon City,https://www.uerm.edu.ph/#/,https://drive.google.com/file/d/1zkxC6wy2dyFMu_x-xetIvT6NGlGCZbCm/view?usp=sharing
Airlink International Aviation College,Private,Required,"BS AVIATION, BS AEROSPACE ENGINEERING, BS AVIONICS TECHNOLOGY, BS TOURISM, BS CUSTOMS ADMINISTRATION",City of Pasay,https://aliac.edu.ph/,https://drive.google.com/file/d/1qhGXMtY0sNL6nqlChmLeZc3krBoDC1jM/view?usp=sharing
Perpetual Help College of Manila,Private,Required,"BS NURSING, BS OCCUPATIONAL THERAPY, BS PHYSICAL THERAPY, BS RADIOLOGIC TECHNOLOGY, BA COMMUNICATION, BS BUSINESS ADMINISTRATION, BS COMPUTER SCIENCE, BS INFORMATION TECHNOLOGY, BS INTERNATION HOSPITALITY MANAGEMENT, BS TOURISM",City of Manila,https://www.uphsl.edu.ph/manila/,https://drive.google.com/file/d/1UJd0zPTcN1r1EwYWaRWYJP8RgNUg411Q/view?usp=sharing
La Consolacion College - Caloocan,Private,Required,"BS TOURISM MANAGEMENT, BS BUSINESS ADMINISTRATION, BS HOSPITALITY MANAGEMENT, BACHELOR OF ELEMENTARY EDUCATION, BACHELOR OF SECONDARY EDUCATION",City of Caloocan,https://lccc.edu.ph/,https://drive.google.com/file/d/1te8ieKY5JCvJ94JaLka3zOJE3rDLC9Yg/view?usp=sharing
MFI Polytechnic Institute,Private,Required,"BS INFORMATION TECHNOLOGY, BS AUTOMOTIVE TECHNOLOGY",City of Pasig,https://www.mfi.org.ph/,https://drive.google.com/file/d/1DpRxUMu_d_ay9a8BN_HDC263d6mf51Rz/view?usp=sharing
Don Bosco Technical College,Private,Required,"BS INFORMATION TECHNOLOGY, BS MECHANICAL ENGINEERING",City of Mandaluyong,https://dbmanda.one-bosco.org/,https://drive.google.com/file/d/1nvbEbQKC-A4OkWYUIm1BKf7y6_xOz3mF/view?usp=sharing
Philippine School of Business Administration - Manila Campus,Private,Required,"BS ACCOUNTANCY, BS BUSINESS ADMINISTRATION",City of Manila,https://www.psba.edu/en/,https://drive.google.com/file/d/1yKmYUmHayk3bmXV_DpatW8QHTMWOFRhH/view?usp=sharing
Asian Institue of Maritime Studies,Private,Required,"BS MARINE ENGINEERING, BS MARINE TRANSPORTATION, BS CUSTOMS ADMINISTRATION, BS BUSINESS ADMINISTRATION, BS COMPUTER SCIENCE, BS HOSPITALITY MANAGEMENT, BS MECHANICAL ENGINEERING, BS ELECTRICAL ENGINEERING, BS INDUSTRIAL ENGINEERING, BS ELECTRONICS ENGINEERING, BS NAVAL ARCHITECTURE",City of Pasay,https://www.aims.edu.ph/,https://drive.google.com/file/d/1ccRlqKKoduSoKueaejSKgO7b_p-9RbbK/view?usp=sharing
Far Eastern University Nicanor Reyes Medical Foundation,Private,Required,"BS MEDICAL TECHNOLOGY, BS NURSING, BS PHARMACY, BS PHYSICAL THERAPY, BS PSYCHOLOGY, BS RADIOLOGIC TECHNOLOGY, BS RESPIRATORY THERAPY ",Quezon City,https://www.feu-nrmf.edu.ph/,https://drive.google.com/file/d/1uVJZl_sLIW1EOXAaMwTHcEYULTsh7saS/view?usp=sharing
Asian Institue of Management,Private,Required,"BS DATA SCIENCE, BS BUSINESS ADMINISTRATION, BACHELOR OF BUSINESS ADMINISTRATION",City of Makati,https://aim.edu/,https://drive.google.com/file/d/1Sttm_MasRZQlWfc8pDAldB3iOqhQJQ7f/view?usp=sharing
Far Eastern University - Makati,Private,Required,"BS ACCOUNTANCY, BS BUSINESS ADMINISTRATION, BS BUSINESS ECONOMICS, BS HUMAN RESOURCE AND ORGANIZATIONAL DEVELOPMENT, BS ARCHITECTURE, BACHELOR OF FINE ARTS, BS APPLIED MATHEMATICS, BS CHEMISTRY, BS BIOLOGY, BA COMMUNICATION, BA INTERDISCIPLINARY STUDIES, BA INTERNATIONAL STUDIES, BA POLITICAL SCIENCE, BS PSYCHOLOGY, BACHELOR OF ELEMENTARY EDUCATION, BACHELOR OF SECONDARY EDUCATION, BACHELOR OF SPECIAL NEEDS EDUCATION, BACHELOR OF PHYSICAL EDUCATION",City of Makati,https://www.feu.edu.ph/feu-makati/,https://drive.google.com/file/d/14Uq9w6i3hgdN_aL-KitOOQkDumif6pf1/view?usp=sharing
San Juan De Dios Educational Foundation,Private,Required,"BS NURSING, BS MEDICAL TECHNOLOGY, BS PHYSICAL THERAPY, BS HOSPITALITY MANAGEMENT, BS ENTREPRENEURSHIP, BS OFFICE ADMINISTRATION",City of Pasay,https://sjdefi.edu.ph/,https://drive.google.com/file/d/1TkQbLv8-h72UesYRWnBuGjTWJWpoPs5N/view?usp=sharing
Southeast Asian College,Private,Required,"BS NURSING, BS PHYSICAL THERAPHY, BS RADIOLOGIC TECHNOLOGY, BS TOURISM MANAGEMENT, BS HOSPITALITY MANAGEMENT",Quezon City,https://saci.edu.ph/,https://drive.google.com/file/d/1KGy9jtTfZh1qdpZVAutnNVDTldhkh8OG/view?usp=sharing
Chinese General Hospital Colleges,Private,Required,"BS ACCOUNTANCY, BS ENTREPRENEURSHIP, BS PHYSICAL THERAPY, BS PSYCHOLOGY, BS RADIOLOGIC TECHNOLOGY",City of Manila,https://www.cghc.edu.ph/,https://drive.google.com/file/d/1mn-X4BbJnk9DNlG2ONvogLlFKAfpksS2/view?usp=sharing
Philippine Women's University - Quezon City,Private,Required,"BA COMMUNICATION, BA PSYCHOLOGY, BS ENVIRONMENTAL SCIENCE, BS INFORMATION TECHNOLOGY, BS ACCOUNTANCY, BS BUSINESS ADMINISTRATION, BS ENTREPRENEURSHIP, BACHELOR OF ELEMENTARY EDUCATION, BACHELOR OF SECONDARY EDUCATION, BA FINE ARTS, BS FOOD TECHNOLOGY, BS HOSPITALITY MANAGEMENT, BS MEDICAL TECHNOLOGY, BACHELOR OF MUSIC, BS NURSING, BS PHARMACY, BS NUTRITION, BS TOURISM, BS SOCIAL WORK",Quezon City,https://www.pwu.edu.ph/,https://drive.google.com/file/d/15NKoVh6kO3lv19kHQ0RM3B_H40o0ZnR7/view?usp=sharing
Makati Medical Center College,Private,Required,"BS NURSING, BS PSYCHOLOGY, BS RADIOLOGIC TECHNOLOGY",City of Makati,https://medicicollege.com/,https://drive.google.com/file/d/1R-XX8q-qBiOU_gmJk4HDrUjN4k06ujjI/view?usp=sharing
Informatics College Manila,Private,Required,"BS INFORMATION TECHNOLOGY, BS COMPUTER SCIENCE, BS INFORMATION SYSTEMS, BS BUSINESS ADMINISTRATION, BS OFFICE ADMINISTRATION",City of Manila,https://informatics.edu.ph/,https://drive.google.com/file/d/1MupcH-u-xtS8ZpUBNoibVrZ7HPZHmYOk/view?usp=sharing
Saint Dominic Savio College,Private,Required,"BS COMPUTER SCIENCE, BS COMPUTER ENGINEERING, BS INFORMATION TECHNOLOGY, BS ACCOUNTANCY, BS BUSINESS ADMINISTRATION, BUSINESS HOSPITALITY MANAGEMENT",City of Caloocan,https://sdsc.edu.ph/,https://drive.google.com/file/d/1bcWLo1nEgxL4Mb3FE7wDHVETM9TUl7Ft/view?usp=sharing
Universal Colleges of Parañaque,Private,Required,"BS NURSING, BS ARCHITECTURE, BACHELOR OF ELEMENTARY EDUCATION, BACHELOR OF SECONDARY EDUCATION, BS INFORMATION TECHNOLOGY,  BS BUSINESS ADMINISTRATION, BS ACCOUNTANCY, BS TOURISM, BS NURSING",City of Parañaque,https://www.ucp.edu.ph/index/,https://drive.google.com/file/d/1DHDBghkTBKVRtLbd9t0c7qLJkgzargwN/view?usp=sharing
Asian College - Quezon City,Private,Required,"BS ACCOUNTANCY, BS BUSINESS ADMINISTRATION, BS MANAGEMENT ACCOUNTING, BS COMPUTER ENGINEERING, BS COMPUTER SCIENCE, BS ELECTRONICS TECHNOLOGY, BS INFORMATION TECHNOLOGY, BS HOSPITALITY MANAGEMENT, BS TOURISM MANAGEMENT",Quezon City,https://www.asiancollege.edu.ph/,https://drive.google.com/file/d/1vYRpW3C1YQjD0tRNxbxaMfgY7kY_-d1i/view?usp=sharing
La Consolacion College - Novaliches,Private,Required,"BACHELOR OF ELEMENTARY EDUCATION, BACHELOR OF SECONDARY EDUCATION",City of Caloocan,https://www.lccn.edu.ph/,https://drive.google.com/file/d/196xeG_nQPFvPGmvXzGC-3cXvGS0F5NY-/view?usp=sharing
Chiang Kai Shek College,Private,Required,,City of Manila,https://www.cksc.edu.ph/,https://drive.google.com/file/d/1YMnMY7M_iHkZkn1uTdAq3s3VaidflRmt/view?usp=sharing
FEU Roosevelt Marikina,Private,Required,,City of Marikina,https://feuroosevelt.edu.ph/,https://drive.google.com/file/d/1JS0EX_6_m9-NlE6zhgeH8g4KpAJsEv-6/view?usp=sharing
Saint Bernadette College of Alabang,Private,Required,,City of Muntinlupa,https://sbca.edu.ph/,https://drive.google.com/file/d/1BX7Y3hlXjQK2E3CJAPn6-uW1Tf84osEv/view?usp=sharing
Gardner College,Private,Required,,Quezon City,https://gardner.edu.ph/,https://drive.google.com/file/d/1OA4T3d2wTR1ane4Rwm-LEBLAyjS3SOpd/view?usp=sharing
Metro Manila College,Private,Required,,Quezon City,http://mmc.edu.ph/?fbclid=IwZXh0bgNhZW0CMTAAAR1uAhXAx8cZ_pWc7sSKjhkMPoO-bB5uYJ5OX350BUAWCATeSAfvGH5KXIo_aem_AWDJb540am_eJ684XaWbJ8CZKZ_730la_SDp70GLZNFGFwt1FCLYB7s6T6PYeV8ckhlMZgr-hLaU1MgJS-uKOtvk,https://drive.google.com/file/d/1AC5WWqCj_xEtyPllUqeLsEZ4ozXSgHJe/view?usp=sharing
Enderun Colleges,Private,Required,,City of Taguig,https://www.enderuncolleges.com/senior-high-school/?utm_source=Google&utm_medium=Search&utm_campaign=Search_SHS&gclid=Cj0KCQjwmMayBhDuARIsAM9HM8eB47WfG8UiHD1R0b_kDkukmUC_H_QsJVt6NqxKrWcBwTJ_qEvX-AwaAjmhEALw_wcB,https://drive.google.com/file/d/1VjKr7_vjzuXyS7nB-qWJ3p3be-OwECL2/view?usp=sharing
CAP College Foundation,Private,Required,,City of Makati,https://elearning.capcollege.com.ph/,https://drive.google.com/file/d/1ep4hdWl8CLizStg8_ZoR-5_DgrEpYIqF/view?usp=sharing
Bernardo College,Private,Required,,City of Las Piñas,https://www.bernardocollege.edu.ph/,https://drive.google.com/file/d/1gQzCQrwY6GiuyyIXzmoTR6bDs1yhKm5U/view?usp=sharing
Arellano University - Malabon,Private,Required,,City of Malabon,https://arellano.edu.ph/contact/jose-rizal-campus-au-malabon/,https://drive.google.com/file/d/1zsuZYZLbg4twK-au4bBgdAGckXNWiguP/view?usp=sharing
Grace Christian College,Private,Required,,Quezon City,https://www.gcc.edu.ph/,https://drive.google.com/file/d/1ZPgHmVCJaf4ZoarU4mpxjrN90qUOJPHR/view?usp=sharing
Centro Escolar Las Piñas,Private,Required,,City of Las Piñas,https://www.celp.edu.ph/,https://drive.google.com/file/d/1qTD6Lih3zoZng98wlx4f_lUPaap5xJm1/view?usp=sharing
Asian Social Institute,Private,Required,,City of Manila,https://asinet-online.org/,https://drive.google.com/file/d/1gtWDW0gITHaXjePZUlkxNALx-oTXqjNX/view?usp=sharing
Saint Francis of Assisi College - Las Piñas,Private,Required,,City of Las Piñas,https://stfrancis.edu.ph/lp/,https://drive.google.com/file/d/1ouX2igLxiFQuVHM4H-td-qpsPZqpr7a8/view?usp=sharing
The Fisher Valley College,Private,Required,,City of Taguig,https://tfvc.edu.ph/,https://drive.google.com/file/d/1bWMoNJ4Ie_1jNU5mYUPWQO_ehYq79XVj/view?usp=sharing
AMA Computer University - Makati Campus,Private,Required,,City of Makati,https://www.amaes.edu.ph/?fbclid=IwZXh0bgNhZW0CMTAAAR14EoKwiK4mNqlc-LqHFlvGmnG18KnhmOqsYfT_BE5_qd2c1Ip49jfL078_aem_AWCQX9dIU_IXG9u_1E9V4_bnAoVFCsgIUSdYCnjNGveC7MJ7Q6zfaF1wVZRnljdp-CfbXIZlJnnlohl-9UgFRbHq,https://drive.google.com/file/d/1SwMqGZXmtlCBUdBca5TCwCQGk-yfGr2C/view?usp=sharing
De Ocampo Memorial College,Private,Required,,City of Manila,https://www.pacu.org.ph/team/de-ocampo-memorial-college/,https://drive.google.com/file/d/19mTfxAtWwrhoKZ-8LlqTciDhpGY-7dzm/view?usp=sharing
Villagers Montessori College,Private,Required,,Quezon City,https://vmc.edu.ph/,https://drive.google.com/file/d/1y60IOHNfxqx_m4rRaxlJZ4MDg_gYpBfE/view?usp=sharing
Greenville College,Private,Required,,City of Pasig,https://greenvillecollege.edu.ph/,https://drive.google.com/file/d/1YE-dqZ96KQenpXhc7MbcyAkz01bS19sq/view?usp=sharing
St Mary's College Quezon City,Private,Required,,Quezon City,https://smcqc.edu.ph/,https://drive.google.com/file/d/1puuTrOC8lWnKTsIPfam_FX2Khk7L6Go8/view?usp=sharing
Regis Marie College,Private,Required,,City of Parañaque,https://regismariecollege.com/frontend,https://drive.google.com/file/d/1FEEdz73-v3oLIZH7f52CaZ-zgVDMDLl4/view?usp=sharing
Southeastern College,Private,Required,,City of Pasay,http://www.southeastern.com.ph/,https://drive.google.com/file/d/1JCirGlOuWHZuq-B6JguRUil6jczpn7uE/view?usp=sharing
Febias College of Bible,Private,Required,,City of Valenzuela,https://febias.edu.ph/,https://drive.google.com/file/d/1cv7OzyyT8cdWdbWNDdbx5FNquTVJ3i2q/view?usp=sharing
Manila Adventist College,Private,Required,,City of Pasay,https://mac.edu.ph/,https://drive.google.com/file/d/1NJzdNg44BN6KN72_p16B5t7rc38bSBZg/view?usp=sharing
Philippine Cultural College,Private,Required,,Quezon City,https://www.philippineculturalcollege.edu.ph/,https://drive.google.com/file/d/1FNpFpg0KaWA_qFjZbLTlARXjnRvTBrkJ/view?usp=sharing
St. Louis College Valenzuela,Private,Required,,City of Valenzuela,https://www.slcv.edu.ph/,https://drive.google.com/file/d/1_4DD3hF-fPTkhu-JayKemgLQuKu6vK_h/view?usp=sharing
UST Angelicum College,Private,Required,,Quezon City,https://www.ustangelicum.edu.ph/,https://drive.google.com/file/d/1Owlc4nk7Y_I12yLNy-qUv1QZgDv-Qgcv/view?usp=sharing
Philippine Rehabilitation Institute,Private,Required,,Quezon City,https://pricolleges.com/,https://drive.google.com/file/d/19FYUfen4hkWrnKB0jZ1IvPgEE-VdrSLZ/view?usp=sharing
Don Bosco Technical Institute of Makati,Private,Required,,City of Makati,https://donboscomakati.edu.ph/,https://drive.google.com/file/d/1A3UzGItEhPj81HNjWl4SBiHcPdTJ-_nB/view?usp=sharing
Meridian International College of Business and Arts,Private,Required,,City of Taguig,https://mintcollege.com/#about-mint-college,https://drive.google.com/file/d/1JK53kYqetZvyqWPXZpkTnI7uwc_eJGKK/view?usp=sharing
PNTC College - Quezon City,Private,Required,,Quzon City,https://pntc.edu.ph/,https://drive.google.com/file/d/174QwGHao-0prXBM-XAh6pPoprAJPYiZ9/view?usp=sharing
Wesleyan College of Manila,Private,Required,,City of Pasay,https://wcmanila.edu.ph/,https://drive.google.com/file/d/1Kf96GYBiNN1p469KpZBgYoj0INCfQEXf/view?usp=sharing
International Baptist College,Private,Required,,City of Mandaluyong,http://ibcs.edu.ph/ibcs2020/,https://drive.google.com/file/d/1EsnKNDv_xI2rlPCrP8HJxGg7vTc7fDjg/view?usp=sharing
Saint Pedro Poveda College,Private,Required,,Quezon City,https://poveda.edu.ph/,https://drive.google.com/file/d/1DQiIeqeuJjnSYhoa0RGwIUKvvA5AbiEN/view?usp=sharing
Jesus Reigns Christian College,Private,Required,,City of Manila,https://www.facebook.com/jrcc.manila.edu.ph/,https://drive.google.com/file/d/1bv8Vnv5rpnaN6CCK6ha1wgJZeRW0c20k/view?usp=sharing
Manila Business College,Private,Required,,City of Manila,https://www.mbc.edu.ph/,https://drive.google.com/file/d/1QXX3xwYFZzdzV6cRtVE7kl5QIW0tnq5v/view?usp=sharing
AMA Computer University - Pasig Campus,Private,Required,,City of Pasig,https://www.facebook.com/amaccpasigcampus/,https://drive.google.com/file/d/1PmE3EyvdYfardQAsgjRzqBlvCMi-Qg5_/view?usp=sharing
Philippine College of Criminology,Private,Required,,City of Manila,https://pccr.edu.ph/,https://drive.google.com/file/d/1Mw1sEObm1H7VOW8-93yu4L8OXl-ZgsNQ/view?usp=sharing
St. Clare College of Caloocan,Private,Required,,City of Caloocan,https://stclarecollege.com/home,https://drive.google.com/file/d/1A0tJo4L4p4ideVfelPhUZ2pgXJVQakvs/view?usp=sharing
Treston International College,Private,Required,,City of Taguig,https://treston.edu.ph/,https://drive.google.com/file/d/1QOSVLBwrQS_wqRWaq5JwvZbKY1vjtryl/view?usp=sharing
AMA computer College - Las Piñas Campus,Private,Required,,City of Las Piñas,https://www.facebook.com/AMALPSHS/,https://drive.google.com/file/d/1mX7tOnoCYgxI66bHKAd_IjGM0I-XUZbA/view?usp=sharing
La Concsolacion College - Pasig,Private,Required,,City of Pasig,https://lccpasig.edu.ph/,
New England College,Private,Required,,Quezon City,https://nec.edu.ph/,
Our Lady of Lourdes College,Private,Required,,City of Valenzuela,https://www.facebook.com/OLLCValenzuelaOfficial/,
AMA Computer University - Caloocan Campus,Private,Required,,City of Caloocan,https://www.facebook.com/amacaloocancampus/,
Saint Rita College,Private,Required,,City of Manila,https://srcm.edu.ph/,
Center for Culinary Arts - Main Campus,Private,Required,,Quezon City,https://cca-manila.edu.ph/,
Bethel Bible College,Private,Required,,City of Valenzuela,https://www.facebook.com/bethelbiblecollegeph/,
AMA Computer University - Mandaluyong Campus,Private,Required,,City of Mandaluyong,,
Alejandro Colleges,Private,Required,,Quezon City,,
Mary Chiles College,Private,Required,,City of Manila,,
Entrepreneurs School of Asia,Private,Required,,Quezon City,,
Thames International,Private,Required,,Quezon City,,
Manila Theological College,Private,Required,,City of Manila,,
Immaculada Concepcion Colleges,Private,Required,,City of Caloocan,,
AMA Computer University - Fairview Campus,Private,Required,,Quezon City,,
La Consolacion College - Valenzuela,Private,Required,,City of Valenzuela,,
Informatics College Caloocan,Private,Required,,City of Caloocan,,
Informatics College Northgate,Private,Required,,City of Muntinlupa,,
AMA Computer University - Parañaque Campus,Private,Required,,City of Parañaque,,
South SEED-LPDH College,Private,Required,,City of Las Piñas,,
South Mansfield College,Private,Required,,City of Muntinlupa,,
Holy Rosary College Foundation,Private,Required,,City of Caloocan,,
The Manila Times College,Private,Required,,City of Manila,,
Asian Institute of Journalism and Communication,Private,Required,,City of Manila,,
Divine Word Mission Seminary,Private,Required,,Quezon City,,
Mary Johnston College of Nursing,Private,Required,,City of Manila,,
Criminal Justice College,Private,Required,,City of Muntinlupa,,
St. Camillus College Seminary,Private,Required,,City of Marikina,,
National Christian Life College,Private,Required,,City of Marikina,,
Operation Brotherhood Montessori,Private,Required,,City of San Juan,,
Saint Anthony Mary Claret College,Private,Required,,Quezon City,,
University of Santo Thomas,Private,Required,,City of Manila,,
University of the East  ,Private,Required,,City of Manila,,
St. Joseph's College of Quezon City,Private,Required,,Quezon City,,
University of the East - Caloocan,Private,Required,,City of Caloocan,,
Asia Pacific College,Private,Required,,City of Makati,,
"Metropolitan Medical Center - College of Arts, Science & Technology",Private,Required,,City of Manila,,
Ausphin International Institute,Private,Not Required,,City of Taguig,,
Bestlink College of the Philippines,Private,Not Required,,Quezon City,,
Our Lady of Fatima University - Quezon City Campus,Private,Not Required,,Quezon City,,
Philippine College of Health Sciences,Private,Not Required,,City of Manila,,
Arellano University - Pasay,Private,Not Required,,City of Pasay,,
Assumption College,Private,Not Required,,City of Makati,,
World Citi Colleges - Quezon City Campus,Private,Not Required,,Quezon City,,
Global City Innovative College,Private,Not Required,,City of Taguig,,
STI College - Las Piñas,Private,Not Required,,City of Las Piñas,,
Arellano University - Pasig,Private,Not Required,,City of Pasig,,
STI College - Fairview,Private,Not Required,,Quezon City,,
STI College - Global City,Private,Not Required,,City of Taguig,,
ABE International Business College - Cubao Campus,Private,Not Required,,Quezon City,,
PNTC College - Manila,Private,Not Required,,City of Manila,,
Infotech Institute of Arts and Sciences,Private,Not Required,,City of Parañaque,,
STI College - Alabang,Private,Not Required,,City of Muntinlupa,,
Martinez Memorial College,Private,Not Required,,City of Caloocan,,
Our Lady of Guadalupe Colleges,Private,Not Required,,City of Mandaluyong,,
Mary the Queen College of Science and Technology,Private,Not Required,,Quezon City,,
ACLC - Taguig,Private,Not Required,,City of Taguig,,
Guzman College of Science and Technology,Private,Not Required,,City of Manila,,
St. John Technological College of the Philippines,Private,Not Required,,Quezon City,,
ACLC - Caloocan,Private,Not Required,,City of Caloocan,,
AMA Online Education,Private,Not Required,,Quezon City,,
Tech Pacific College,Private,Not Required,,Quezon City,,
Concordia International College,Private,Not Required,,City of Pasig,,
Sta. Cecilia College,Private,Not Required,,City of Valenzuela,,
Samson College of Science and Technology - Cubao,Private,Not Required,,Quezon City,,
St. Bernadette of Lourdes College,Private,Not Required,,Quezon City,,
STI College - Novaliches,Private,Not Required,,Quezon City,,
ABE International Business College - Caloocan Campus,Private,Not Required,,City of Caloocan,,
SoFA Design Institute,Private,Not Required,,City of Makati,,
St. Vincent de Ferrer College of Camarin,Private,Not Required,,City of Caloocan,,
STI College - Sta. Mesa,Private,Not Required,,City of Manila,,
National Polytechnic College of Science and Technology,Private,Not Required,,Quezon City,,
STI College - Caloocan,Private,Not Required,,City of Caloocan,,
Informatics College Philippines,Private,Not Required,,City of Manila,,
STI College - Cubao,Private,Not Required,,Quezon City,,
STI College - Muñoz-EDSA,Private,Not Required,,Quezon City,,
ABE International Business College - Manila Campus,Private,Not Required,,City of Manila,,
International School for Culinary Arts and Hotel Management - Quezon City,Private,Not Required,,Quezon City,,
STI College - Pasay-EDSA,Private,Not Required,,City of Manila,,
CIIT College of Arts and Technology,Private,Not Required,,Quezon City,,
Institute of Creative Entrepreneurship,Private,Not Required,,City of Mandaluyong,,
ABE International Business College - Makati Campus,Private,Not Required,,City of Makati,,
AMA Computer College - Sta. Mesa Campus,Private,Not Required,,City of Manila,,
College of St. Catherine Quezon City,Private,Not Required,,Quezon City,,
STI College - Recto,Private,Not Required,,City of Manila,,
STI College - Quezon Avenue,Private,Not Required,,Quezon City,,
WCC Aeronautical and Technological College - North Manila,Private,Not Required,,City of Caloocan,,
Divine Mercy College Foundation,Private,Not Required,,City of Caloocan,,
UCC Coffee Academy,Private,Not Required,,City of Taguig,,
STI College - Marikina,Private,Not Required,,City of Marikina,,
Arellano University - Mandaluyong,Private,Not Required,,City of Mandaluyong,,
ABE International Business College - Las Piñas Campus,Private,Not Required,,City of Las Piñas,,
Magsaysay Center for Hospitality & Culinary Arts,Private,Not Required,,City of Makati,,
Don Bosco TVET Center - Tondo,Private,Not Required,,City of Manila,,
Bowline Training and Assessment Center,Private,Not Required,,City of Marikina,,
NBS College,Private,Not Required,,Quezon City,,
Asian School of Hospitality Arts,Private,Not Required,,Quezon City,,
SWISS IT Academy Inc,Private,Not Required,,City of Pasig,,
ABE International Business College - Fairview Campus,Private,Not Required,,Quezon City,,
STI College - Parañaque,Private,Not Required,,City of Parañaque,,
ICI Global University,Private,Not Required,,City of Pasig,,
"Datamex-College of Saint Adeline, Fairview",Private,Not Required,,Quezon City,,
"Datamex-College of Saint Adeline, Valenzuela",Private,Not Required,,City of Valenzuela,,
Unciano College Manila,Private,Not Required,,City of Manila,,
STI Pasay,Private,Not Required,,City of Pasay,,
ABE International Business College - Taft Campus,Private,Not Required,,City of Manila,,
Lacson College,Private,Not Required,,City of Pasay,,
Informatics College Eastwood,Private,Not Required,,Quezon City,,
Datamex Institute of Computer Technology Pasay,Private,Not Required,,City of Pasay,,
College of Divine Wisdom,Private,Not Required,,City of Parañaque,,
Asia Harvesters College and Seminary,Private,Not Required,,Quezon City,,
Don Carlo Cavina School,Private,Not Required,,City of Las Piñas,,
International Academy for Aesthetic Sciences,Private,Not Required,,Quezon City,,
John Robert Powers,Private,Not Required,,City of Makati,,
Toon City Academy,Private,Not Required,,City of Mandaluyong,,
Medici di Makati College,Private,Not Required,,City of Makati,,
Academy of Culinary Excellence,Private,Not Required,,Quezon City,,
International Cabin Attendant Training School,Private,Not Required,,City of Pasig,,
Cooko Culinary and Barista Academy,Private,Not Required,,City of Pasig,,
Home Culinary and Technical School,Private,Not Required,,City of Parañaque,,
Abraham Dumlao Colleges of the Philippines,Private,Not Required,,Quezon City,,
Saint Francis Divine Colle,Private,Not Required,,Quezon City,,
International Electronics and Technical Institute Caloocan,Private,Not Required,,City of Caloocan,,
St. Luke's College of Medicine - William H. Quasha Memorial,Private,Not Required,,Quezon City,,
Global Academy,Private,Not Required,,City of Pasig,,
FIT College Manila,Private,Not Required,,City of Makati,,
St. Augustine School of Nursing - Mandaluyong Campus,Private,Not Required,,City of Mandaluyong,,
Center for Asian Culinary Studies - Manila,Private,Not Required,,City of San Juan,,
Philsin Marine Technology Colleges Foundation,Private,Not Required,,City of Manila,,
Manila Law College,Private,Not Required,,City of Manila,,
Systems Plus College Foundation - Caloocan,Private,Not Required,,City of Caloocan,,
Tasashyass College,Private,Not Required,,City of Caloocan,,
Mariana Maritime Center Inc.,Private,Not Required,,City of Manila,,
St. Augustine School of Nursing - Quezon City Campus,Private,Not Required,,Quezon City,,
United Christian Academy,Private,Not Required,,City of Parañaque,,
St. Augustine School of Nursing - Las Piñas Campus,Private,Not Required,,City of Las Piñas,,
St. Augustine School of Nursing - Lagro Campus,Private,Not Required,,Quezon City,,
Norwegian Training Center Manila,Private,Not Required,,City of Pasay,,
Mariana Academy of Maritime Studies,Private,Not Required,,City of Manila,,
Interface Computer College Caloocan,Private,Not Required,,City of Caloocan,,
Bethany College of Science & Arts,Private,Not Required,,Quezon City,,
Graceland Christian College,Private,Not Required,,City of Caloocan,,
Great Redeemer Accelerated Christian Education College Inc.,Private,Not Required,,City of Caloocan,,
Saint Bernadette College of Health and Sciences,Private,Not Required,,Quezon City,,
Imus Computer College - Las Piñas,Private,Not Required,,City of Las Piñas,,
St. Jude College Manila,Private,Not Required,,City of Manila,,
Access Computer and Technical College - Camarin,Private,Not Required,,City of Caloocan,,
St. Rita Hospital College of Nursing and School of Midwifery,Private,Not Required,,City of Manila,,
Cieverose College Inc.,Private,Not Required,,City of Caloocan,,
ABE International Business College - Mandaluyong,Private,Not Required,,City of Mandaluyong,,
Holy MDNJ's International School and Colleges Inc.,Private,Not Required,,City of Pasay,,
Philippines All Skills College Inc.,Private,Not Required,,City of Mandaluyong,,
World City College Inc.,Private,Not Required,,Quezon City,,
St. Paul College of Makati,Private,Not Required,,City of Makati,,
College of Arts and Sciences of Asia and the Pacific - Pasig,Private,Not Required,,City of Pasig,,
Asian Summit College Foundation Inc.,Private,Not Required,,City of Pasig,,
Marianum College Inc.,Private,Not Required,,City of Muntinlupa,,
Asia Source College of Arts and Technology ,Private,Not Required,,City of Taguig,,
St. Paul College of Parañaque,Private,Not Required,,City of Parañaque,,
World Citi Colleges - Caloocan,Private,Not Required,,City of Caloocan,,
Kingsleigh International School and Colleges,Private,Not Required,,City of Mandaluyong,,
Colegio San Agustin - Makati,Private,Not Required,,City of Makati,,
Miriam College Adult Education,Private,Not Required,,Quezon City,,
Datamex College of Saint Adeline - Parañaque City,Private,Not Required,,City of Parañaque,,
Electron College of Technical Education - Caloocan,Private,Not Required,,City of Caloocan,,
Cosmotec College Inc.,Private,Not Required,,Quezon City,,
HSL - Braille College,Private,Not Required,,City of Taguig,,
"Australian College of Learning, Inc.",Private,Not Required,,City of Muntinlupa,,
Access Computer and Technical Colleges - Cubao 1,Private,Not Required,,Quezon City,,
Arandia College,Private,Not Required,,City of Parañaque,,
"Asian Arts de Manila College, Inc.",Private,Not Required,,City of Parañaque,,
Arellano University,Private,Not Required,,City of Manila,,
International Electronics and Technical Institute Muntinlupa,Private,Not Required,,City of Muntinlupa,,
International Electronics and Technical Institute Pasay,Private,Not Required,,City of Pasay,,
International Electronics and Technical Institute Marikina,Private,Not Required,,City of Marikina,,